Macbook pro,Electronics
Bose headphones,Electronics
LG TV,Electronics
Iphone,Electronics
Macbook charger,Electronics
Samsung charger,Electronics
Samsung S8,Electronics
Alexa,Electronics
Chromecast,Electronics
Dell XPS15,Electronics
Intel core I9,Electronics
LG mouse,Electronics
Corsair keyboard,Electronics
Apple home,Electronics
Windows 10,Electronics
Kaspersky antivirus,Electronics
Iphone charger,Electronics
LG TV cable,Electronics
LG stove,Kitchen
Coffee machine,Kitchen
Meal containers,Kitchen
Pan,Kitchen
Forks,Kitchen
Knives,Kitchen
Dishes,Kitchen
Tupperware,Kitchen
Bag clippers,Kitchen
Electric oven,Kitchen
Electric kitchen,Kitchen
Dishwasher,Kitchen
Table linens,Kitchen
Gum,Food
Sandwich,Food
Pancakes,Food
Granola bar,Food
Syrup,Food
Water,Food
Diet soda,Food
Powerade,Food
Protein bar,Food
Gatorade,Food